"Post ID","Page ID","Page name",Title,Description,"Duration (sec)","Publish time","Caption type",Permalink,"Is crosspost","Is share","Post type",Languages,"Custom labels","Funded content status","Data comment",Date,Impressions,Reach,IMPRESSION:UNIQUE_USERS,"Reactions, Comments and Shares",Reactions,Comments,Shares,"Total clicks","Other Clicks","Matched Audience Targeting Consumption (Photo Click)","Link Clicks","Negative feedback from users: Hide all","Seconds viewed","Average Seconds viewed","Estimated earnings (USD)","Ad CPM (USD)","Ad Impressions"
773497404809566,150003831696805,"Tsofen  تسوفن   צופן",,"עברית אחרי ערבית
🐿️ تحبّون التحدّيات بشدّة?
💡 تتميّزون بالقدرة على التفكير الإبداعي والأفكار اللّامعة؟
💥 مهتمّون بعوالم الماء/الطّاقة/الحداثة؟

مشاركتكم ستضيف قيمةً للحدث، من خلال مشاركتنا علمكم وخبرتكم، وتساهم بالتغيير!
هذه فرصتكم لتكونوا جزءً من مسارٍ الحداثة من أجل مستقبل نظيفٍ أكثر🌎
 
** عدد الأماكن محدود والتسجيل بشكل فردي وليس بمجموعات **
** يسعدنا أن تذكروا اسم تسوفن - في استمارة التسجيل **

أنقروا على الرابط للتسجيل ولمزيد من التفاصيل:
https://bit.ly/Water_Energy_Hackathon2023_site

האקתון Water Energy Nexus 
 
🐿️ חזקים בפיצוח אתגרים?
💡 מלאים ברעיונות גאוניים?
💥 מגיעים מעולמות המים/ אנרגיה/ חדשנות או פשוט בעלי חשיבה יצירתית??
בואו לתת ערך באמצעות הידע והניסיון שלכם כדי ליצור שינוי משמעותי!
הנה ההזדמנות להיות חלק מתהליכי חדשנות בעולם בשביל עתיד נקי יותר 🌎
 
**המקומות מוגבלים וההרשמה באופן פרטי ולא כקבוצות**
**נשמח אם תרשמו את צופן כגורם מפנה בטופס ההרשמה**

לחצו כאן לפרטים נוספים והרשמה:
https://bit.ly/Water_Energy_Hackathon2023_site",0,"01/08/2024 04:01",N/A,https://www.facebook.com/tsofentech/posts/pfbid0fMVxB3NF1mmEBpYeGJQ7X5gTJD6mn1yhpx3H89SCfW5LYqRJfcA124JF4DniWMVMl,0,0,Photo,,,,,Lifetime,1254,1115,,4,4,0,0,21,3,7,11,,,,,,
778751967617443,150003831696805,"Tsofen  تسوفن   צופן",,"עברית אחרי ערבית
توجّهنا هذا الأسبوع مطالبين الحكومة بالتراجع عن التقليصات الشاملة التي تنوي القيام بها، في الميزانيات المخصّصة للمجتمع العربي، وذلك على أثر التخطيطات لتقليصات شاملة في كافة الوزارات وبشكل أكبر ميزانيات المجتمع العربي. هذه التقليصات من شأنها أن تؤدي إلى نتائج كارثيّة على مجال التشغيل في المجتمع العربي وبالتالي على اقتصاد الدولة.
منتدى كو-إمباكت الذي يجمع داخله 12 مؤسسة تشغيل رائدة، الملتزمة وتعمل على تطوير ودمج المجتمع العربي في سوق العمل العام في الدولة، ينضمّ للنداءات الكثيرة المتصاعدة من عدّة جهات، من ضمنها لجنة رؤساء السلطات المحليّة، مؤسسات المجتمع المدني، ومؤسسات أخرى من أجل وقف ومنع هذه التقليصات الكبيرة بالميزانيات، ويوجّه نداءً لكافة الجهات في الحكومة، الكنيست، المجتمع المدني، الجهات المانحة، وقطاع المشغلّين للتعبير عن قلقهم من الوضع واتخاذ خطوات فعليّة بهدف إيقاف هذه التقليصات في الميزانيّات المخصّصة للمجتمع العربي.
الرسالة كاملة في الرابط:
https://shorturl.at/bipsA

פנינו השבוע בדרישה לממשלה להימנע מפגיעה בתקציבי החברה הערבית. וזאת בעקבות הכוונות לקיצוצים רוחביים בתקציב המדינה והפגיעה החמורה בתקציבי החברה הערבית. הקיצוץ האמור יגרום להשלכות הרסניות על תעסוקת חברה ערבית ועל המשק.
פורום העמותות של קו אימפקט המאגד 12 ארגוני תעסוקה מובילים המחוייבים ופועלים לקידום ושילוב החברה הערבית בשוק העבודה, הפורום מצטרף לקריאות הרבות שעולות כולל ועד ראשי הרשויות, ארגוני חברה אזרחית וגופים נוספים לעצור את הפגיעה בתקציב וקוראים לכל הגורמים בממשלה, בכנסת, בחברה האזרחית, בפילנתרופיה ובמגזר העסקי להביע דאגה מהמצב ולנקוט בצעדים אקטיביים במטרה לעצור את הפגיעה בתקציבי החברה הערבית.
למכתב המלא:
https://shorturl.at/bipsA
ראש ממשלת ישראל
Benjamin Netanyahu - בנימין נתניהו
משרד האוצר 
אקורד - aChord - פסיכולוגיה חברתית לשינוי חברתי
حاسوب - Hasoubub
עמותת תפוח Appleseeds
אג'יק أجيك Ajeec Nisped
Kav Mashve - كاف مشفيه - קו משווה
Tsofen  تسوفن   צופן
Itworks
אלפנאר
יוזמות אברהם  مبادرات  ابراهيم
סיכוי-אופוק سيكوي-أفق
ארגון בעצמי Be-Atzmi",0,"01/15/2024 12:01",N/A,https://www.facebook.com/tsofentech/posts/pfbid02T1qyBjgwyhbJh9SHhQSgwZoDZudv4iPhmo7wnm2Ef2j3KwEwB2y47xmzXBWfVWpAl,0,0,Photo,,,,,Lifetime,546,484,,9,9,0,0,50,40,7,3,1,,,,,
779973704161936,150003831696805,"Tsofen  تسوفن   צופן",,"تتقدم أسرة تسوفن بأحر التعازي للسيد سامي سعدي،المدير العام السابق لتسوفن ومؤسس شريك، ولعائلة سعدي، في وفاة الوالدة. لها الرحمة ولعائلتها 
وأحبائها الصبر والسلوان 🙏🏼
משפחת צופן משתתפת בצערו של מר סמי סעדי, מנכ""ל לשעבר ומייסד שותף בצופן ולמשפחת סעדי על מות האמא.
יהי זכרה ברוך 🙏🏼
Sami Saadi",0,"01/17/2024 08:01",N/A,https://www.facebook.com/tsofentech/posts/pfbid0Kou86ariNx7RCvP9Bb7jfLexgGSyyeKZwXWH8gss8J1qcrk33QS3FFon9VHxmui8l,0,0,Text,,,,,Lifetime,5707,5595,,35,18,17,0,264,264,,,,,,,,
780463310779642,150003831696805,"Tsofen  تسوفن   צופן",,"[עברית למטה 👇👇]
في هذه الأيام بالذات، من المهمّ أن نُسمع صوت الحياة المشتركة.
في ظلّ الأزمة الراهنة، يمكن لمكان العمل أن يساهم بتعزيز التقارب بين المهندسين العرب واليهود فيه، وتقوية نسيج العلاقات والتنوّع والحفاظ عليها.

نشكر المهندسين مصطفى علي وآڤي شڤيط من شركة INTUIT لمشاركتهما في حملة  ""نعمل معًا – עובדים ביחד""، وفقًا للمهندس مصطفى علي، فإنّ: ""شركة INTUIT دعته هو ومهندسين عرب آخرين بإطار مجموعة ARAB ERG الموجودة في ذات الشّركة مع بداية الحرب، وقد حضر الاجتماع مدراء من الشركة، وذلك بهدف سماع مشاعر المهندسين العرب، وإعطاءهم الفرصة لإبداء آرائهم الشخصيّة، وفحص إمكانية تقديم المساعدة اللازمة لهم.""

בימים אלו במיוחד, חשוב להשמיע קול של חיים משותפים.
בתקופה קשה ומאתגרת זו, מקום עבודה יכולה להוות חלק מבניית גיוון והכללה, וחיזוק ושימור יחסים בין העובדים הערבים והיהודים בתוכו.
אנו מודים למהנדסים מוסטפא עלי ואבי שביט מחברת INTUIT על השתתפותם בקמפיין ""نعمل معًا – עובדים ביחד"".

 ""בתור נציגים של קהילת ARAB ERG בחברת INTUIT, קיבלנו הזמנה בעקבות המלחמה,  לפגישה עם דרגים בכירים בחברה, כדי להשמיע את הקול שלנו, ולהביע את העמדות שלנו, ולבדוק איזו עזרה יכולה החברה לתת לנו."" [מוסטפא עלי, מהנדס בחברת INTUIT]",0,"01/18/2024 03:01",N/A,https://www.facebook.com/photo.php?fbid=780463310779642&set=a.544465434379432&type=3,0,0,Photo,,,,,Lifetime,62034,25083,,406,372,25,9,1228,919,305,4,,,,,,
782741690551804,150003831696805,"Tsofen  تسوفن   צופן",,"עברית למטה 👇🏼 
انطلقت اليوم مسابقة الهكاثون السنوي لكليّة كنيرت بالشراكة مع مؤسسة تسوفن للسنة الرابعة على التوالي. بدأ النّشاط الأول من المسابقة بعرض مندوبي الشركات للتحدّيات الخمسة أمام عشرات المشتركين المسجّلين، من الطلاب الجامعيين والمهندسين العرب واليهود، الذين سيتنافسون بمجموعات، ويأتون بحلول تكنولوجيّة للتحديّات المطروحة في مواضيع بيئيّة في مجاليّ الماء والطاقة (التفاصيل في الصّور المرفقة).
تابعوا صفحة تسوفن للمزيد من المعلومات والأخبار عن هكاثون كنيرت في الأيام والأسابيع القريبة.
נפתח היום השלב הראשון של הקאתון חדשנות כנרת, הקאתון שנתי בשיתוף פעולה עם ארגון צופן, לשנה הרביעית, באירוע הוצגו חמשת האתגרים על ידי נציגי החברות, וזאת בהשתתפותם של עשרות סטודנטים ומהנדסים ערבים ויהודים, שיתחרו בפתרון טכנולוגי לאתגרים סביבתיים בתחומי מים ואנרגיה.
עקבו אחרי עמוד הפייסבוק שלנו לעדכונים מההקאתון בתקופה הקרובה.
מרכז כנרת לחדשנות ויזמות Kinneret Innovation Center
Layan Bathish 
Eslam Haj Yahia
Kawkab Wattad",0,"01/21/2024 06:01",N/A,https://www.facebook.com/tsofentech/posts/pfbid0LNZ3ZBXKxnCfSetYYU7k3HyHnN8D7LJ1tNu5WgjaZz8v38BBEMkUVfcLrBjuNs9Pl,0,0,Photo,,,,,Lifetime,1895,1714,,7,7,0,0,53,20,33,,,,,,,
783481453811161,150003831696805,"Tsofen  تسوفن   צופן",,"شركات الهايتك بتطلب لغة إنجليزية بمستوى عالي؟
 نحن في تسوفن نقدم لك سلسلة ورشات لتطوير اللغة الانجليزية بعدّة مجالات:
كتابة سيرة ذاتية، التّحدث في مقابلة العمل، مصطلحات أساسية في المجال وأمور أخرى...
بكل ورشة رح نتناول موضوع مختلف، وورشتنا الأولى رح تكون بعنوان
مهارات كتابة السيرة الذاتية باللغة الانجليزية
بالتعاون مع خبراء من شركة ، Etoro
عبر تطبيق ZOOM،
تهدف الورشة لتزويد المشتركين بالمعرفة والمهارات اللازمة لكتابة السيرة الذاتية باللغة الإنجليزية
 مع التشديد على إضافة التعابير والمصطلحات الإنجليزية التي من شأنها رفع مستوى السيرة الذاتية.
 وسنتطرق لكيفية البحث عن عمل والتقدم لوظائف في شركات الهايتك.
 
وذلك يوم الاربعاء 31/1/2024 الساعة 16:30-17:30
 
رح نساعدك ونجاوب على كثير تساؤلات بالمجال:
كيف ممكن أكتب سيرة ذاتية تناسب وظائف بقطاع الهايتك؟
كطالب جامعي بدون خبرة سابقة شو ممكن أضيف على السيرة الذاتية لتكون مميزة وتزيد من الفرصة للحصول على الوظيفة؟ 
شو أفضل طريقة لإيصال سيرتي الذاتية؟ إيميل؟ مهندس من الشركة؟ لينكدين؟ أو طريقة ثانية؟  
 
سارعوا بالتسجيل عبر الرابط في التعليقات، الأماكن محدودة.",0,"01/22/2024 05:01",N/A,https://www.facebook.com/tsofentech/posts/pfbid02ATfn8eRKusnE4vXUSR87ZXdtf5e637miL4QHNBcBt9bEVdFZ4CnQNWBZhxwYtZTml,0,0,Photo,,,,,Lifetime,2517,2408,,13,8,4,1,69,45,24,,,,,,,
783651200460853,150003831696805,"Tsofen  تسوفن   צופן",,"[עברית למטה 👇👇]
نحن في تسوفن نرى في أماكن العمل فرصةَ ممتازة لبناء الروابط والعلاقات، ومساحةً للتعرّف بين الموظفين العرب واليهود.
الآن بالذات، تقع المسؤوليّة علينا جميعًا، أن نُسمع صوت الشّراكة!
ولهذا، انطلقنا بحملة ""نعمل معًا"" بالشّراكة مع شركات هايتك في البلاد، تُعتبر مثالًا للتنوّع والاحتواء.
اقرؤوا المزيد عن الحملة في المقال المرفق من موقع nocamels >>>

אנחנו מאמינים שמקומות העבודה הם הזדמנות מצוינת ליצירת חיבור ומרחב להיכרות בין ערבים ויהודים.

דווקא עכשיו, האחריות של כולנו היא להשמיע קול של שותפות!

יצאנו בקמפיין ""עובדים ביחד"" בו עובדים ערבים ויהודים מאותן חברות, המשתפים פעולה ביום יום מביעים קריאה משותפת.

קראו עוד על הקמפיין בכתבה באתר nocamels >>>",0,"01/22/2024 10:01",N/A,https://www.facebook.com/photo.php?fbid=783651200460853&set=a.544465434379432&type=3,0,0,Photo,,,,,Lifetime,86270,15262,,273,256,5,12,1504,822,320,362,,,,,,
784198600406113,150003831696805,"Tsofen  تسوفن   צופן",,"[العربيّة بعد العبريّة 👇👇]
""היחסים הטובים בתוך המשרדים ביני לבין קולגות מהחברה הערבית, גורמות לי לחשוב בפרופורציה ולנפץ סטיגמות קיימות."" [רונית זרוג חמו, עוזרת אדמינסטריבית בחברת SANOFI]

מקום עבודה מהווה חלק מבניית גיוון והכללה, וחיזוק ושימור יחסים בין העובדים הערבים והיהודים!

אנו מודים לרונית זרוג חמו ולסאהר נג'אר מחברת Sanofi על השתתפותם בקמפיין ""نعمل معًا – עובדים ביחד"".
בימים אלו במיוחד, חשוב להשמיע קול של חיים משותפים.

""العلاقات الطّيبة بيني وبين زملائي في العمل، تعطيني نظرةً شموليّة وتجعلني أنظر إلى الأمور وأقيمها بعيدًا عن الأفكار المسبقة المنتشرة حولنا."" رونيت زروغ حيمو، مساعدة إداريّة في شركة SANOFI""
هكذا نرى الدّور الذي يتوجّب على الشّركات القيام به من أجل ترسيخ قيم التنوّع والقبول بين موظفيها على اختلاف انتماءاتهم.

نشكر ساهر نجّار ورونيت زروغ حيمو من شركة SANOFI على مشاركتهم الفعالية في حملة ""نعمل معًا – עובדים ביחד"".",0,"01/23/2024 07:01",N/A,https://www.facebook.com/photo.php?fbid=784198600406113&set=a.544465434379432&type=3,0,0,Photo,,,,,Lifetime,65707,27509,,529,485,34,10,1455,1172,282,1,,,,,,
785358730290100,150003831696805,"Tsofen  تسوفن   צופן",,"""רק 48% מהערבים המועסקים בחברות הייטק בישראל מגדירים את היחסים עם הקולגות היהודים כטובים, לעומת 77% לפני 7 באוקטובר""

כך עולה מסקר שערכנו בצופן עם חברת המחקר נאס, אשר בדק את עמדותיהם ואת רגשותיהם של מהנדסים ומהנדסות מהחברה הערבית בחברות ההייטק.

קראו עוד >>https://bit.ly/3HtxD8G

""فقط 48% من العرب العاملين في شركات الهايتك في اسرائيل، يعتبرون علاقاتهم مع زملائهم اليهود ""علاقات جيدة""، مقارنة مع 77% النسبة قبل أحداث السابع من أكتوبر.

من نتائج استطلاع قامت به ""تسوفن"" ومركز ""ناس""، حول مواقف ومشاعر المهندسات والمهندسين العرب في قطاع الهايتك.

اقرأوا أكثر عبر الرابط >>https://bit.ly/3HtxD8G",0,"01/24/2024 23:01",N/A,https://www.facebook.com/photo.php?fbid=785358730290100&set=a.544465434379432&type=3,0,0,Photo,,,,,Lifetime,53158,15724,,282,232,43,7,5040,3387,1485,168,,,,,,
785762996916340,150003831696805,"Tsofen  تسوفن   צופן",,"[العربيّة بعد العبريّة 👇👇]
""עצם ההגעה לעבודה בימים אלו, והיחסים בין כלל הקולגות בתוך החברה, נותנים הרגשה של שפיות ותקווה, למרות כל מה שיש בחוץ. עדיין אפשר שיהיה אחרת."" אמיר, מהנדס בחברת HAILO

אינה, מהנדסת ב HAILO: ""אני מאמינה שה'בפנים' היפה שלנו שנמצא איתנו במקום העבודה ייצא החוצה ויקרין גם על המציאות הקשה שיש בחוץ.""

בימים אלו חשוב להשמיע קול של חיים משותפים!
מקום עבודה מגוון - מכיל ויוצר סביבת עבודה איכותית ומנצחת, אוירה של קבלה וסובלנות, לכל אדם באשר הוא, ומוביל להצלחת הארגון.

אנו מודים לאינה שטרנברג (Director of product, Quality & Reliability Engineering) ולאמיר חדאד (Sales Operations Manager – Business Operations) ) מחברת HAILO על השתתפותם בקמפיין ""نعمل معًا – עובדים ביחד"".

إينا: ""أنا أؤمن أن محتوانا الداخليّ الجميل، الذّي يرافقنا في العمل، لا بدّ أن يصل إلى الخارج، ويُحدث أثرًا على الأجواء العامّة والصّعبة من حولنا.""
أمير: ""بمجرّد حضوري للعمل في هذه الأيام، والتّعامل مع زملائي في الشّركة، أستعيد الشّعور بأجواء عقلانيّة وطبيعيّة، وأمل بالتّقبل والاحتواء، والعيش المشترك، برغم كل ما يحصل في الخارج، تجّاه كل إنسان لكونه إنسانًا، والتنوّع الذي يحضره معه للعمل.""
في هذه الأيام بالذات، وأكثر من أيّ وقتٍ مضى من المهمّ أن نسمع صوت الحياة المشتركة، أيضًا في هذا المنشور، كجزء من حملة ""نعمل معًا – עובדים ביחד"" بالشراكة مع شركة Hailo نلقي الضّوء على أجواء موجودةٍ لمكان عملٍ 
يهتمّ بالتنوع والتقبل والاحتواء، لكل إنسان أيًّا كان.
نشكر إينا شترنبرغ (Director of product, Quality & Reliability Engineering) وأمير حدّاد  (Sales Operations Manager – Business Operations) لمشاركتهم بحملة ""نعمل معًا – עובדים ביחד""",0,"01/25/2024 10:01",N/A,https://www.facebook.com/tsofentech/posts/pfbid0328jyLTis548LEvr5iU9CaKXSn3Mj8NNgr4itwQdf42ajpdcQdzZhGJs14Ncx4iMHl,0,0,Photo,,,,,Lifetime,47118,20990,,574,477,89,8,781,618,161,2,,,,,,
788279503331356,150003831696805,"Tsofen  تسوفن   צופן",,"الكلّ بحكي عن الحداثة Innovation! شو يعني Innovation؟ وشو علاقته بعالم الهايتك؟
كيف ممكن الحداثة تساهم بتطوير شغلك وكمان تفكيرك؟
ندعوكم لحلقة نقاش مفتوحة نحكي فيها عن الموضوع وعن سيرورتك المهنية مع مهندسين
ذوي خبرة بالمجال
عندك خبرة أكتر من سنة بمجال الهايتك؟ هاي الورشة الك
سجّل/ي وانضمّ/ي للقاء شيّق عن الحداثة بالتعاون مع شركة Cadence
يوم الاثنين ب 12.2.2024 الساعة 17:00
رابط التسجيل: https://forms.office.com/r/rNwyx1TJ9D
RRawan Rohi Qudsi",0,"01/29/2024 02:01",N/A,https://www.facebook.com/tsofentech/posts/pfbid02SCmwCPQ5rLxeS5YqRSEoXrqthPbKDCEyrf1RyFh4USgpZvPwrWcjFWahZn7CChLul,0,0,Photo,,,,,Lifetime,2468,2468,,8,7,0,1,19,7,8,4,,,,,,
788316849994288,150003831696805,"Tsofen  تسوفن   צופן",,"""وقفة تفكير"" مع ميسم جلجولي ورفيت جوفمان حول دمج المجتمع العربي في الهايتك. نشاركك هذا المقتطف، المقابلة الكاملة ستُنشر لاحقًا في صفحتنا..
'זמן לחשוב' עם מייסם ג'לג'ולי ורוית גופמן על שילוב החברה הערבית בהייטק הישראלי קטע מתוך ראיון שיעלה בקרוב בעמוד שלנו..",30,"01/29/2024 03:01",N/A,https://www.facebook.com/tsofentech/posts/pfbid0deSqyDpeyxkuSJnHN6e457B9dkdv984qttyk2w4dthXDwJfKnoJBRaKgq8sZpRHvl,0,0,Video,,,,,Lifetime,737,658,,2,2,0,0,2,2,,,,3255.552,4.955,0,0,0
788964596596180,150003831696805,"Tsofen  تسوفن   צופן",,"""وقفة تفكير"" مع ميسم جلجولي ورفيت جوفمان حول دمج المجتمع العربي في الهايتك. نشاركك المقطع الثاني، المقابلة الكاملة ستُنشر لاحقًا في صفحتنا..
'זמן לחשוב' עם מייסם ג'לג'ולי ורוית גופמן על שילוב החברה הערבית בהייטק הישראלי קטע שני מתוך ראיון שיעלה בקרוב בעמוד שלנו.",37,"01/30/2024 02:01",N/A,https://www.facebook.com/tsofentech/posts/pfbid024mrZVpm45KVWiiJGyriWAp7ephQsCgU2gEV3wGRJ658wW376whaY9hNaHxXDxAEMl,0,0,Video,,,,,Lifetime,969,886,,6,6,0,0,5,5,,,,2930.513,4.064,0,0,0
788969936595646,150003831696805,"Tsofen  تسوفن   צופן",,"العربية بعد العبرية
התקיים אתמול השלב השני בהקאתון חדשנות, מים ואנרגיה של מכללת כנרת בשיתוף פעולה עם צופן, המשתתפים עברו סדנת רעיונאות- שכללה הרצאה מעניינת בנושא הבנת הבעיה ודרכים לפיתוח ומציאת רעיונות, אחריה התחלקו לקבוצות, העלו רעיונות ושוב חזרה למליאה, להצגת הרעיונות.
יותר פרטים על הקבוצות והרעיונות אחרי השלב האחרון בחמישי הקרוב.
 جرت بالأمس المرحلة الثانية من هكاثون الحداثة - الماء والطّاقة في كلية كنيرك بالشراكة مع مؤسسة تسوفن، حيث مُررت للمتسابقين محاضرة بعنوان: فهم المشكلة، وطرق لتطوير وإيجاد حلول وأفكار، بعد ذلك تقسّم المتسابقون لمجموعات وفرق، طرحوا داخلها الأفكار، ليعودوا من بعدها للقاء جميعًا، والحديث عن الأفكار التي طُرحت في المجموعات..
ترقّبوا المزيد من التفاصيل والمعلومات مع المرحلة الثالثة والأخيرة من الهكاثون يوم الخميس القريب.
מרכז כנרת לחדשנות ויזמות Kinneret Innovation Center",0,"01/30/2024 02:01",N/A,https://www.facebook.com/tsofentech/posts/pfbid02FLxgZbqowfn2j4SCErhhzYNRS5vdbUjNDbj1sjC6YHE4JWiVmmCeVo7QWJ5CjX7Ul,0,0,Photo,,,,,Lifetime,2549,2467,,7,7,0,0,117,23,94,,,,,,,
790374599788513,150003831696805,"Tsofen  تسوفن   צופן",,"شباب وصبايا يتنافسون لحل تحظيات في مجالي الماء والطاقة، يحدث الآن ضمن هكاثون كنيرت،بالتعاون بين مركز الحداثة كنيرت ومؤسسة تسوفن. سنطلعكم على النتائج لاحقًا، تابعونا 😍
 צעירים וצעירות מאותגרים ומתחרים בפתירת אתגרי מים ואנרגיה, קורה עכשיו בהאקתון כנרת, בשיתוף פעולה בין מרכז החדשנות כנרת וארגון צופן, נעדכן את תוצאות התחרות בהמשך, תעקבו אחרינו",0,"02/01/2024 06:02",N/A,https://www.facebook.com/tsofentech/posts/pfbid035yy2MUm6pUVcpDRMgEWzUj8BkE6P6pu1j6KMbZr9PXL6dYaDwnDp51yC9aLHbF6Tl,0,0,Photo,,,,,Lifetime,2367,2261,,11,11,0,0,173,46,127,,,,,,,
790985743060732,150003831696805,"Tsofen  تسوفن   צופן",,"العربية بعد العبرية...
האקתון energy water nexus
גם השנה אנחנו שותפים בהאקתון מרכז חדשנות כנרת שהתמקד השנה באתגרים בתחומי מים ואנרגיה, אירועי ההאקתון החלו בראשון שעבר, קיקאוף והרצאות מהחברות שהשתתפו והביאו את האתגרים שיש להם לידי המשתתפים 5 חברות (אקוויסטיה, מקורות, וואטראידג׳, ביוקאסל וגליל מערבי), כשכל חברה הביאה אתגר אחד (עמו היא מתמודדת).
בהאקתון השתתפו כ- 100 משתתפים ערבים ויהודים מרקעים שונים, אירוע השיא היה בחמישי 1.2.2024 יום שלם של עבודה נמרצת, ובסיומו טקס שיפוט והכרזת הקבוצות הזוכות.
במסגרת שיתוף הפעולה שלנו עם שותפויות רוטשילד, שתי קבוצות מתוכנית מסאר להייטק השתתפו והיוו חלק נכבד ממשתתפי ההאקתון. כמו כן, השתתפו סטודנטים מהמכללה וממוסדות אקדמיים נוספים, מהנדסים ואנשי מקצוע ממגוון תחומים. נכחו גם גם מנטורים ושופטים. 
במקום הראשון זכו צעירי מסאר להייטק - אתגר מקורות, ובמקום השני קבוצה שהתמודדה באתגר אקוויסטיה, במקום השלישי זכו גם צעירי מסאר להייטק - אתגר אקוויסטיה.
ברכות לזוכות ולזוכים, והמון תודה לכל המשתתפות והמשתתפים אשר בזכותם קיבלנו אירוע כה מוצלח.
هذه السّنة أيضًا كنّا شركاء بإقامة هكاثون مركز الحداثة كنيرت، وقد شملت المنافسة هذه السّنة خمسة تحديّات في مجاليّ الماء والطّاقة، وهي تحديّات حقيقيّة تواجهها 5 شركات، في البلاد (إكويستا، مكوروت، ووترإيدج، بيوكاسل والجليل الغربي).
شارك في الهكاثون 100 مشترك ومشتركة عربًا ويهودًا من خلفيات متنوّعة وقد اختتم برنامج الهكاثون يوم الخميس 1.2.2024 حيث شمل يومًا كاملًا من العمل على إيجاد وتطوير حلول للتحديّات من قبل الفرق المشاركة، واختتم اليوم بفقرة التحكيم واختيار الفرق الفائزة.
ضمن إطار التعاون بين تسوفن وشراكات روتشيلد، كان لشباب وصبايا برنامج مسار للهايتك (مسار تحضيري قبيل مرحلة الجامعة) حصّة كبيرة في الهكاثون، شاركوا ونافسوا مجموعة من المهندسات والمهندسين من كليّة كنبيرت ومؤسسات أكاديميّة أخرى.
فازت بالمركز الأول، مجموعة من شباب وصبايا ""مسار للهايتك"" ضمن عملهم على تحدي شركة مكوروت، وكان المركز الثاني من نصيب مجموعة عملت على تحدي إكويستا، أما المركز الثالث فقد فازت به مجموعة أخرى من ""مسار للهايتك"" والتّي عملت أيضًا على تحدّي إكويستا.
تهانينيا للفائزين، وجزيل الشّكر لكل من شارك وكان جزءً من نجاح البرنامج.
מרכז כנרת לחדשנות ויזמות Kinneret Innovation Center
مسار מסאר -  برنامج القيادة
Layan Bathish
Eslam Haj Yahia
Merav Boozy Boaz",0,"02/02/2024 05:02",N/A,https://www.facebook.com/tsofentech/posts/pfbid02zMKVpXzHuMERx63w1qbzFR6gUaLe2osunkgGNt8HTcdANC8LupsZrVCSWSHsQ7n4l,0,0,Photo,,,,,Lifetime,2694,2491,,39,35,3,1,258,70,188,,,,,,,
,,,,,,,,,,,,,,,"An error occurred while computing metadata for content with ID 1523604298219574.",Lifetime,,,1,,,,,,,,,,,,,,
793674379458535,150003831696805,"Tsofen  تسوفن   צופן","The Road To Apple سلسلة لقاءات هايتك في الكامبوس من تسوفن ","طلاب وطالبات التخنيون، مرحبًا.. حضّرنالكم لقاء مُثري وشيّق بالعربي مع شركة Apple تحت عنوان: The road to Apple
لقاء جديد ضمن سلسلة لقاءات #هايتك_في_الكامبوس رح نحكي فيه عن مقابلات العمل، والفرص المتاحة في عالم الهايتك...
تعالوا مع أسئلة وطاقات حلوة، حتّى تلتقوا بِ: المهندسة لقاء أبو نمر، المهندس خالد مصاروة ومسؤولة التوظيف راية نجّار.
الاشتراك مجاني، ولكن منوط بالتسجيل المسبق.
رابط التسجيل في صفحة الحدث المرفقة.",0,"02/06/2024 00:02",N/A,https://www.facebook.com/tsofentech/posts/pfbid02nwcfQa3puw8TWXsEKoSDw4mJKipmG4M2ZwMXrUR73oiRaDsy2f8FS9qVhsvTdSN3l,0,0,Link,,,,,Lifetime,1467,1374,,13,13,0,0,54,25,,29,,,,,,
795094109316562,150003831696805,"Tsofen  تسوفن   צופן",,"[العربيّة بعد العبريّة👇👇]
""אני מנהלת צוות מעורב עם עובדים משתי החברות הערבית והיהודית. בתחילת המלחמה יצרתי קשר עם העובדים במטרה לשמוע, להבין ולהכיל את הרגשות שלהם, לאור כל מה שקורה. חשוב היה לי לשמר את מערכת היחסים הטובה גם בשעת משבר."" אומרת שירה זמיר, מחברת סאנופי.

מוחמד מסאלחה, עובד איתה באותו צוות הוסיף גם: ""אין ספק שמה שעברנו בתקופה האחרונה הוא מאד קשה, וכאן בסאנופי קיבלנו חיבוק גדול מההנהלה, ואפילו שחררו אותנו מחלק גדול מהמשימות שיש לנו כדי שנתפנה יותר לטיפול במשפחות שלנו.""

אנו מודים לשירה ולמוחמד על השתתפותם בקמפיין """"نعمل معًا – עובדים ביחד"".

""كوني مديرة لمجموعة مختلطة من الموظفين من المجتمعين العربي واليهودي. مع بداية الحرب، قمت بالتواصل مع كلّ الموظفين، لسماع مشاعرهم فهمها واحتواءها، على ضوء الأحداث. كان مهمًّا لي، في ظلّ الأزمة، أن أحافظ على نسيج العلاقات الطّيبة الموجود بيننا."" تقول شيرا زمير من شركة سانوفي.

بالإضافة فقد شاركنا محمد مصالحة الذي يعمل في ذات القسم مع شيرا: ""لا شكّ أن ما مرّ بنا من أحداث في الفترة الأخيرة، صعبٌ جدًا، وهنا في شركة سانوفي، اهتمّوا بتوفير أجواءٍ حاضنة ودافئة، وحتّى أنهم قاموا بالغاء بعض المهامّ الملقاة علينا، حتى نتفرّغ أكثر للاهتمام بعائلاتنا.""

نشكر شيرا ومحمد على انضمامهم إلينا في حملة ""نعمل معًا – עובדים ביחד"".",0,"02/08/2024 00:02",N/A,https://www.facebook.com/tsofentech/posts/pfbid036Y5KmXw3SQQVE3VsV1FSQHxytoyzLHmdJTHSVKfgsUFW8eAdRZmzP2PAMtCboQuJl,0,0,Photo,,,,,Lifetime,41800,19200,,475,428,40,7,991,834,156,1,,,,,,
795147105977929,150003831696805,"Tsofen  تسوفن   צופן",,"משפחת צופן מברכת את החוגגים ״לילת אל אסרא ואלמעראג״ מסורת המסע הלילי של הנביא מוחמד. ומתפללים לימים של שלווה ושלום לכולנו
عائلة تسوفن تهنئكم بحلول ذكرى الإسراء والمعراج، وتتمنى الخير والسّلام للجميع.
كل عام وأنتم بخير",0,"02/08/2024 02:02",N/A,https://www.facebook.com/tsofentech/posts/pfbid07AZ38SAzY3dmLb69KxEmn17pFd5ybxoLE2A4fLtd9cF2L6uBwbshJCu6CyhQikvnl,0,0,Photo,,,,,Lifetime,1714,1601,,9,9,0,0,11,9,2,,,,,,,
799297458896227,150003831696805,"Tsofen  تسوفن   צופן","Tsofen's Mentoring Program | Registration >>","מהנדסות ומהנדסים ותיקים בהייטק - הכירו את תכנית המנטורינג של צופן >> https://bit.ly/Mentoring_24

הצטרפו להתנדבות משמעותית והשפיעו על עתידם של מהנדסי הייטק צעירים מהחברה הערבית! אנו נעניק לכם כמנטורים תכנית הכשרה לקבלת כלים ומיומנויות לייעוץ וחונכות. בואו להוביל את הדור הצעיר ותהיו שותפים לקהילת מהנדסים ערבים ויהודים ורשת נטוורקינג.

התכנית שלנו מאפשרת למהנדסים מנוסים (3 שנים ומעלה) לשמש כמנטורים, ללוות ולחנוך סטודנטים ומהנדסים צעירים (=מנטי'ז) באמצעות סדרת מפגשים אישיים (מקוונים ופיזיים). 
התכנית מאפשרת לכם להביא לידי ביטוי את הניסיון העשיר שלכם, לקדם ולסייע למהנדסים חדשים להיקלט בתעשייה ולהשפיע על קהילת המהנדסים המשותפת לערבים ויהודים.

להרשמה ולפרטים נוספים >> https://bit.ly/Mentoring_24

مهندسون ومهندسات ذوي خبرة في شركات الهايتك،
نعرض عليكم فرصة لبرنامج مميّز: تطوّع وتأثير على مستقبل مهندس/ة جديد في عالم الهايتك من المجتمع العربي، وأيضًا، برنامج تأهيل سيضيف ويُثري سلّة الأدوات والمهارات في مجاليّ الإرشاد وتقديم الاستشارة، إلى جانب الانتماء إلى مجتمع المهندسين والمهندسات العرب واليهود.

تعرّفوا على برنامج المنتورينغ من تسوفن >> https://bit.ly/Mentoring_24

يعطيك البرنامج فرصة أن تكون مرشدًا (منتور) وأن ترافق طلاب جامعات أو مهندسين جدد، من خلال لقاءات شخصية بوتيرة ثابتة، تبرز من خلالها تجربتك الغنية والمثرية في المجال، وتساهم بتطوير المسيرة المهنيّة لمهندسين جدد، وتساهم باندمجاهم في صناعة الهايتك، والتأثير على مجتمع المهندسين العرب واليهود.

للتسجيل ولمزيد من التفاصيل >> https://bit.ly/Mentoring_24",0,"02/13/2024 23:02",N/A,https://www.facebook.com/tsofentech/posts/pfbid02wckFzG7XumQP9ZFFDxFMwPQaFiRrLuVBWa2FxW8j4J9E8irTwjBFmpcgZAwfSkR8l,0,0,Link,,,,,Lifetime,648,587,,4,3,0,1,4,1,,3,,,,,,
799305632228743,150003831696805,"Tsofen  تسوفن   צופן",,"طلاب وطالبات بمواضيع الهندسة
📈📲💻
خصّصنا لكم هذا اللقاء
انضموا إلينا للقاء شيّق مع مهندسين من شركة
Amdocs!
وتعرفوا على الشركة عن قرب
في اللقاء سنتحدّث عن الفرص والتحديات التي تواجه الطلاب بشكل عام
 في البحث عن عمل بمجال الهندسة.
⏰ يوم الثلاثاء 20.2.2024 | الساعة 19:30 – 18:00 | على تطبيق ال Teams📌
التسجيل عبر الرابط في التعليق الأول

מפגש לסטודנטים להנדסה עם מהנדסים מחברת אמדוקס.
במפגש נדבר על: הזדמנויות עבודה ואתגרים שהסטודנטים מתמודדים איתם במסע של חיפוש עבודה.",0,"02/14/2024 00:02",N/A,https://www.facebook.com/tsofentech/posts/pfbid0qZraWK3pVa6pekb8JYiB6LHtJkvKqPXKNMBYtzvijpap3zzZKvVrk5bTkMvAJs4Pl,0,0,Photo,,,,,Lifetime,2479,2401,,11,9,1,1,94,60,34,,,,,,,
799351852224121,150003831696805,"Tsofen  تسوفن   צופן",,"مؤسسة Datahack هي مؤسسة غير ربحية، بالتعاون مع معهد التخنيون وجامعة حيفا ومؤسسة تسوفن، ندعوكم للتعرّف عن قرب على برنامج DataCoach برنامج جديد هدفه دمج أبناء المجتمع العربي في قطاع علوم البيانات والذكاء الاصطناعي.
يقام اللقاء في جامعة حيفا، كما ندعوكم للقاء إضافي (بديل) عبر تطبيق زوم. تجدون تفاصيل حول اللقائين أدناه:

The Datahack nonprofit, in cooperation with The Technion, Haifa University and Tsofen, invites you to learn about the DataCoach program, a new program to integrate Arabs in the fields of Data Science and AI.

AND COME MEET US @ Haifa University!
Tuesday 20/2/24 | 12:00 | City Campus, Delen Building, Class 015

Register here: https://forms.gle/6RxFfanerdXX2EBW9

ZOOM:

The Datahack nonprofit, in cooperation with The Technion, Haifa University and Tsofen, invites you to learn about the DataCoach program, a new program to integrate Arabs in the fields of Data Science and AI.

Want to hear more?
Come meet us!
Monday 26/2/24 | 18:00 | ZOOM

Register here: https://forms.gle/UqdM8khDH53jk9Kg7
@eslam haj yahia
@layan bathish",0,"02/14/2024 01:02",N/A,https://www.facebook.com/tsofentech/posts/pfbid02r5fmyeqEM3NSQLts2RoKqmpsvZRH59MaWAKhn748H9W79PcH9o4q1KqhLyNiwWy6l,0,0,Photo,,,,,Lifetime,1661,1565,,5,5,0,0,12,2,4,6,,,,,,
802678821891424,150003831696805,"Tsofen  تسوفن   צופן",,"نشكر جميع من شاركنا حدث، ابتكر المستقبل “innovate the future” وذلك يوم الاثنين الفائت حيث نُظّم الحدث بالشراكة مع شركة كيدينس Cadence Design Systems. نأمل أنكّم قضيتم وقتًا مثمرًا وممتعًا، والشكر الخاص لنائب المدير العام، زياد حنّا وطاقم الشركة على المعلومات القيّمة والمواضيع الهامّة التي خصّصوا وقتهم لطرحها خلال اللقاء.
نشكر أيضًا إلينور تسرفاتي وهيلا فيلدمان على التعاون في تنظيم اللقاء.
תודות רבות לכל מי שהשתתף באירוע החדשנות בעתיד “innovate the future” שהתקיים יום שני שעבר בשיתוף פעולה עם חברת קידנס Cadence Design Systems תודה למה לסמנכ""ל החברה, זיאד חנא ולצוות המדהים על התכנים החשובים וזמנם היקר שהקדישו לנו.
תודה גם לאלינור צרפתי והילה פלדמן על שיתוף הפעולה בהרמת האירוע.",0,"02/18/2024 23:02",N/A,https://www.facebook.com/tsofentech/posts/pfbid0B8Drbt28jpxR1RmmoLEP4jVrwvJH5HqUoH9tEte9Absac1TLS5CTV32phFWNzowJl,0,0,Photo,,,,,Lifetime,3140,2959,,19,19,0,0,191,33,158,,,,,,,
803473041812002,150003831696805,"Tsofen  تسوفن   צופן",,"هل أنت من محبّي عالم الشركات الناشئة (الستارت أب)؟ هل ترغب/ين بالتعرف عن قرب على هذا المجال؟
حان الوقت إذًا! يسرّنا دعوتك إلى الحدث القريب:
ستارت-أب تحت الضوء: قصص حقيقيّة من خبراء في شركات ناشئة
سيتحدّث في اللقاء: عمر غرّة، بكر صوالحة، رشا جابر، حسين عيسى ويشاركونا تجارب من الحقل، نصائح، نظرة تحليليّة واستراتيجيّات يشاركها معنا مهندسون من تجاربهم الشخصية المهنيّة.
يقام الحدث في مكاتب تسوفن في كليكا كاسم هاب، كفر قاسم
يوم الاثنين 4.3.2024 في الساعات: 16:30 – 18:30 
سجّل/ي الآن لحجز مقعدك في اللقاء:
https://ecohack.tsofen.org/meetup-join/

שרוף/ה על עולם הסטארטאפים? רוצהלשמוע על התעשייה מפה ראשון?
הגעת לאירוע המתאים:
סטארטאפים מתחת לזרקור: סיפורים מהשטח מפי אנשים מנוסים.
עומר גרה, בקר סוואלחה, רשא ג'אבר וחוסיין עיסא – ישתפו אותנו בניסיונם וייתנו טיפים ותובנות.
האירוע יתקיים במשרדינו בקליקה קאסם האב בכפר קאסם
ביום שני 4.3.2024 בשעות 16:30 – 18:30 
הירשמו עוד היום:
https://ecohack.tsofen.org/meetup-join/",0,"02/20/2024 06:02",N/A,https://www.facebook.com/tsofentech/posts/pfbid0Gt5SQCc4vVHVeuoXApiQgJgqYowF3kzPM1v4RTzFfesRwu1LZnX33gT6pte5WPQel,0,0,Photo,,,,,Lifetime,1970,1855,,15,15,0,0,45,10,31,4,,,,,,
803944041764902,150003831696805,"Tsofen  تسوفن   צופן",,"Dana Weitzman

המנטורים של צופן יוצרים אימפקט! 
הכירו את דנה ויצמן, מהנדסת מחברת נבידיה המתנדבת כמנטורית בתכנית של צופן >>  https://bit.ly/Mentoring_24

""האפשרות לתת לסטודנטים שאני מלווה טיפים שלמדתי במהלך השנים, ולשתף אותם בדרכי התמודדות עם קונפליקטים ומציאת דרכים, מזרז מאוד את תהליך קבלתם לעבודה ותורם להצלחתם, בנוסף, עבורי זו הזדמנות לרכוש מיומנויות של חונכות וליווי.""
רוצים גם אתם לתרום מנסיונכם לעובדים חדשים בתחום ולהיות חלק מקהילת המנטורינג שלנו?

הצטרפו עכשיו >>  https://bit.ly/our-mentors24

مرشدو تسوفن قادرون على التأثير،
تعرّفوا على دانا فايتسمان، مهندسة من شركة نفيديا، تتطوّع كمرشدة في برنامجنا >>https://bit.ly/our-mentors24

""حصلت على فرصة لتقديم النصائح للطلاب الذين أرافقهم وأشاركهم طرقًا للتغلّب على الصعوبات، اكتسبها من خبرتي في العمل، ممّا سهّل طريقهم نحو الانخراط في سوق العمل، وساهم بنجاحهم في عملهم. كما أنها كانت فرصةً لي حتّى أطور مهاراتي بالإرشاد والمرافقة.""
هل تريدون أيضًا المساهمة والعطاء من خبرتكم وتجاربكم، وتكون جزءً من مجمعة المنتورينغ؟

انضموا للبرنامج >> https://bit.ly/our-mentors24",0,"02/20/2024 23:02",N/A,https://www.facebook.com/tsofentech/posts/pfbid0Sy1LhgxyGo6tgQDkENcRAxM5wAdjDC9DKL7Q1WNAjrfcmit5ZSbLAFqiKixUsKGTl,0,0,Photo,,,,,Lifetime,12590,5744,,161,154,2,5,212,163,33,16,,,,,,
808609161298390,150003831696805,"Tsofen  تسوفن   צופן",,"جولتنا اليوم كانت مع مدرسة عرعرة الثانوية في زيارة إلى شركة الهايتك إينوفيز في روش هعاين
خلال الزيارة تعرّف الطلاب على الأقسام المختلفة للشركة، واستمعوا لمحاضرات في عدّة مواضيع:
نائب المدير العام، قدّم لهم محاضرة حول المنتج الأساسي للشركة، والفيزياء المبني عليها عمل هذا المنتج، فتعرّفوا على مصطلحات في الفيزياء والضّوء وعلوم الحاسوب، وشاهدوا محاكاة لعمل المنتج على السيارة.
بعد ذلك قدّم لهم مهندس من قسم أتمتة الفحوصات Tests Automation محاضرة حول يومه كمهندس في الشركة، وحول طبيعة عمله في تطوير الفحوصات، وأجواء العمل ضمن فريق والمهارات التي تلزم لذلك.
ثم في القسم الثالث والأخير من الجولة، تعرّفوا إلى مدير المختبرات، وتجوّلوا بين المختبرات للتعرّف عن قرب على جانب آخر للفحوصات: درجات حرارة قصوى، تحمّل الصدمات، الفحصوات الإلكترونية في الغرفة النظيفة Cleen Room وأخيرًا، انتقلنا للكراج لمشاهدة السيارات التي يتّم تركيب الجهاز عليها
ليحصل الطلاب بذالك على نظرة شاملة لأقسام الشركة وتقسيم مراحل العمل على المنتج فيما بينها.
رافقت الجولة، المعلّمة منى سيف والمهندسة منال صعابنة من مؤسسة تسوفن.
התקיים היום סיור לתלמידי כיתה י' במגמת מחשבים, בתיכון ערערה בחברת אינווויז Innoviz
הסיור היה מקיף, בו נפגשו התלמידים בשלוש תחנות עם: סמנ""כל פיתוח שהסביר על המוצר שהחברה מפתחת, מהנדס במחלקת טסט אוטומיישן, ומנהל המעבדות
ביקרו במעבודות: מיכניקה, אלקטרוניקה, ומוסך הרכבים, בו מתקינים את המערכת ומכינים את הרכב לבדיקה בשטח.",0,"02/28/2024 07:02",N/A,https://www.facebook.com/tsofentech/posts/pfbid0JnGdeh8fedW6QNsFntPaFmpgqFTfo3WPrzgRs7zS5EPdjo1pMDv2gfmzrbiyW3XTl,0,0,Photo,,,,,Lifetime,3629,3412,,48,42,1,5,294,79,215,,,,,,,
809131477912825,150003831696805,"Tsofen  تسوفن   צופן",,"سررنا في مؤسسة تسوفن بالمشاركة اليوم بلجنة الحكم لتقييم المبادرات المميّزة لطالبات صف ""عالمات المستقبل"" في مدرسة ابن سينا الاعدادية، كفر قرع.
نشكر مديرة المدرسة السيدة نوال عليمي على الدعوة، نعتز بهذه المشاريع الريادية في مجتمعنا، ونتمنى التوفيق للطالبات في مشاريعهن.
يذكر ان المشروع بالشراكة مع جمعية يونيستريم
שמחנו היום להיות חלק מצוות השיפוט לפרוייקטים נבחרים של תלמידות כיתת ""מדעניות העתיד"" בחטיבת ביניים אבן סינא, כפר קרע, אנו מאחלים לבנות דרך צלחה עם הרעיונות החדשניים שלהן.",0,"02/29/2024 04:02",N/A,https://www.facebook.com/tsofentech/posts/pfbid0mNeLzyFj1g5zroQpPM3dXTKoftxKE7WtLu49U7NXWQgoxuWLxrPnb6FSDjdD3RsBl,0,0,Photo,,,,,Lifetime,2314,2187,,4,4,0,0,82,15,67,,,,,,,
812335537592419,150003831696805,"Tsofen  تسوفن   צופן",,"קיימנו אתמול מיטאפ בנושא סטארטאפים, ויצאנו למסע מרתק לעולמם של יזמים צעירים, במפגש שמחנו לארח את: חוסיין עיסא, עומר ג'רה, רשא ג'אבר וסקר סוואלחה.
אנו מודים מקרב לב לדוברים המוערכים על שיתוף המומחיות והחוויות שלהם, כמו גם לכל מי שנכח ותרם להפיכת האירוע להצלחה מסחררת.
בעודנו מהרהרים על התובנות שהושגו ועל הקשרים שנוצרו, אנו מצפים למפגשים עתידיים שבהם נוכל להמשיך לחקור, ללמוד ולצמוח יחד.
עקבו אחרינו כדי להיות מעודכנים בכל מה שעתיד להיות, מקווים לראות אותך שם!

حظينا بالأمس بشرف استضافة المبادرين الشّباب حسين عيسى، عمر غرة، رشا جابر وبكر صوالحة، في والذين اصطحبونا في رحلة إلى عالم المبادرات الشركات الناشئة.
كانت الطاقات والحماس في الغرفة واضحة، حيث اجتمع أكثر من 35 فردًا متحمسًا لمشاركة الأفكار والتعلم والتواصل.
ونتقدم بالشكر الجزيل للمتحدثين الكرام على مشاركتهم خبراتهم وتجاربهم، وكذلك لكل من حضر وساهم في إنجاح هذا الحدث.
ما زلنا تحت تأثير الأجواء والأفكار والعلاقات الجديدة التي كانت بالأمس، ونتطلع للقاءات مستقبلية قريبة، تابعوا صفحاتنا لتسمعوا عن كل جديد.
ترقبوا التحديثات حول فعالياتنا القادمة، ونأمل أن نراكم هناك!
@Layan Bathish @Eslam Haj Yahia 
@kawkab wattad

#StartupSpotlight #יזמות #רשת #TsofenCommunity",0,"03/05/2024 06:03",N/A,https://www.facebook.com/tsofentech/posts/pfbid0Ndc3V9ZnAXPbq1ENrVHkNrtNXT3VMLgDvFQ7pGA1EurAMCN1dXm7dDciBvzFboARl,0,0,Photo,,,,,Lifetime,1609,1522,,11,10,1,0,126,34,92,,,,,,,
815437567282216,150003831696805,"Tsofen  تسوفن   צופן",,"طالب/ة أكاديمي/ة أو خريج/ة من أحد مجالات الهندسة وعلوم الحاسوب؟ معني/ة تتعلم/ي مساقات جديدة بمجال الهايتك، وتطوّر/ي مسيرتك المهنية؟
لأول مرة في تسوفن، افتتاح مساق (كورس) Fullstack AI Course بمرافقة شركةKornit.
مجال جديد وفرصة للحصول على وظيفتك الأولى في الهايتك 🤩
الاشتراك في المساق منوط بالحضور 3 أيام أسبوعية:
الأحد والثلاثاء: 17:00-21:00
الجمعة: 09:00-15:00
التعليم عبر الزوم بالاضافه للقاءات وجاهيه في كليكا قاسم هاب-كفرقاسم
اضغط/ي هنا للتسجيل: https://forms.office.com/r/5bzbTsPQGn

נפתחה ההרשמה לקורס Fullstack AI Course בשיתוף פעולה עם חברת Kornit.
סטודנט/ית או סיימת לימודים במדעי המחשב ומקצועות ההנדסה? זה בדיוק בשבילך.
לחץ/י כאן לרישום להדרכה שתתקיים בימי ראשון, שלישי ושישי, חלק מהמפגשים יהיו בזום וחלק פרונטליים, בקליקה קאסם האב, בכפר קאסם: https://forms.office.com/r/5bzbTsPQGn",0,"03/10/2024 03:03",N/A,https://www.facebook.com/tsofentech/posts/pfbid0QQNWhrmhm7Jx9ek94isHdq2LXD2B9btFa4mknW87tdFQwf3nkEjTGWFZ3PHBJLxFl,0,0,Photo,,,,,Lifetime,2088,2088,,12,9,2,1,51,19,11,21,,,,,,
815442050615101,150003831696805,"Tsofen  تسوفن   צופן",,"ضمن سلسلة لقاءات هايتك في الكامبوس من تسوفن، نلتقي هذه المرة في كلية أورت-براودي مع المهندس ميراس صفدي مش شركة BMC Software
سجّل/ي في مفكّرتك وانضمّ/ي إلينا هذا الثلاثاء 12/03/2024 بين الساعات 13:00 - 14:30
في بناية L غرفة 703
 #USAID #Tsofen",0,"03/10/2024 03:03",N/A,https://www.facebook.com/tsofentech/posts/pfbid0ahK9gQWiPcBnHUBVcUAVX33NhafbepQX8KAUeo8VWe75VrSDRx8B4SjqTLHrNbJnl,0,0,Photo,,,,,Lifetime,1059,1028,,2,2,0,0,5,1,4,,,,,,,
815601180599188,150003831696805,"Tsofen  تسوفن   צופן",,"טיפים לחברות ברמדאן. 
משפחת צופן מזמינה את החברות לנצל את חודש הרמדאן כהזדמנות לחיזוק הקשרים עם העובדים המוסלמים ; ראשית חשוב להבין - הרמדאן אינו חג, אלא חודש צום, שבמהלכו הצמים ממשיכים לעבוד. להלן מספר הצעות להבעת אמפטיה עם העובדים הצמים:
1. הפצת ברכה לכלל העובדים  לרגל תחילת החודש המבורך,עם איחולים לצום קל לצמים. 
2. גילוי גמישות באשר לשעות העבודה במהלך החודש- לזמן ישיבות בשעות המוקדמות של יום העבודה ולהימנע מישיבות בשעות הערב (קרוב לשעת שבירת הצום).3.  אירועי חברה - מומלץ להתחשב בעובדים הצמים מבחינת הגשת כיבוד באירועים אלו. 
3. הצעה לעובדים הצמים לקיים ארוחת איפטאר (שבירת צום) משותפת לכל העובדים. יש לקחת בחשבון שזה יהיה בסביבות השעה 18:00. 
4. קיום הרצאה לכלל העובדים שחושפת אותם למשמעויות הרבות של חודש רמדאן מהבטים רוחניים, חברתיים ודתיים. 
5. הכנת משלוחי מנות למשפחות צמות נזקקות. מאוד רלוונטי במיוחד בימים קשים אלו.
מנהלים ועובדים, אל תתביישו לשאול את העובדים שלכם מה יקל עליהם ולהציע להם לשתף את כלל העובדים ביוזמות ברוח חודש הרמדאן. 
צום קל ורמדאן כרים,
צופן

نصائح للمشغّلين بمناسبة الشهر الفضيل:
عائلة تسوفن تدعو الشركات والمشغلين لانتهاز فرصة حلول شهر رمضان الفضيل من أجل تعزيز الروابط بين الموظفين.
بدايةً، من المهم أن نوضح أن شهر رمضان ليس عيدًا، بل هو شهر صيام، ويذهب الصائمون خلاله إلى العمل، مع ذالك، فإنه من المهم اتّخاذ بعض الخطوات التي تعكس مدى احتواء وتعاطف مكان العمل مع الموظفين الصائمين:
1. نوصي بإرسال تهنئة لجميع الموظفين وإضافة تمنيات بصومٍ سهلٍ ومقبول للصائمين
2. إظهار المرونة في ساعات العمل خلال الشهر الفضيل، تحديد الجلسات للساعات المبكرة من يوم العمل، والابتعاد عن تحديد جلسات في ساعات المساء، قريبًا من وجبة الإفطار.
3. اقتراح تنظيم وجبة إفطار لكافة الموظفين، مع الأخذ بعين الاعتبار أن وجبة الإفطار تكون حوالي الساعة 18:00
4. تنظيم محاضرة لجميع الموظفين والتي تكشف للمعاني المتعددة لشهر رمضان، من الناحية، الروحانية، الاجتماعية والدينية.
5. تحضير طرود غذائية وإرسالها للعائلات الصائمة المحتاجة، بالذات في هذه الظروف الصعبة.
صومًا سهلًا ومقبولًا،
تسوفن

#رمضان_كريم #רמדאן_כרים",0,"03/10/2024 08:03",N/A,https://www.facebook.com/tsofentech/posts/pfbid0NjB61V4HWjxYupy5SxF5nDUUkpqH5yb22kYayFAi7KmaxaQ26jMrTEf91BcSRpd9l,0,0,Photo,,,,,Lifetime,4279,4267,,152,123,19,10,96,89,7,,,,,,,
819985113494128,150003831696805,"Tsofen  تسوفن   צופן",,"العربية 👇🏼👇🏼
 ועדת הכנסת למדע וטכנולוגיה בראשות חבר הכנסת  איימן עודה מחד""ש-תע""ל, בהשתתפות נציגי משרד החינוך, משרד העבודה ורשות החדשנות, ראש עיריית אום אל פחם, ד""ר סמיר מחאמיד, הנהלת ארגון צופן ויזמים ערבים, התארחו היום אצל ארגון חאסוב, בישיבת הועדה במרכז החדשנות של ארגון חאסוב בערערה.
לאחר סיור במרכז החדשנות של חאסוב, והסבר על שימור המבנה העתיק שנעשה ובניית מרכז החדשנות כחממה לעידוד ונטוורקינג  ועבודה משותפת של משרדי הממשלה וארגוני החברה האזרחית הפועלים בתחום, קיימה הוועדה את ישיבתה בנושא קידום יזמות בחברה הערבית.
 لجنة الكنيست للعلوم والتكنولوجيا برئاسة عضو الكنيست عن الجبهة والعربية للتغيير، السيّد أيمن عودة، بمشاركة مندوبين عن وزارة التربية والتعليم، وزارة العمل، سلطة الحداثة، رئيس بلدية أم الفحم، د. سمير محاميد مبادرات/ين من المجتمع العربي ومندوبين من مؤسسة تسوفن، في زيارة لمؤسسة حاسوب.
من بعد جولة في مركز الحداثة، وشرح عن الترميم المحافظ على القيمة الأثرية للمبنى، واستعماله، كدفيئة لتشجيع ودعم التشبيك والعمل المشترك بين المكاتب الحكومية ومؤسسات المجتمع المدني، الناشطة في المجال، أقامت اللجنة اجتماعها بعنوان تطوير المبادرة والحداثة في المجتمع العربي.
حاسوب - Hasoub",0,"03/17/2024 07:03",N/A,https://www.facebook.com/tsofentech/posts/pfbid02GN3W6Unz2gPD1AWt2jpuE6ggxBKiSYPaSAg3dSpooNKXVAyxvU2qf3Vs8VVXPBG8l,0,0,Photo,,,,,Lifetime,1476,1450,,12,12,0,0,181,10,171,,,,,,,
822640536561919,150003831696805,"Tsofen  تسوفن   צופן",,"إنجليزياتكم كيف؟ 
كمهندسات ومهندسين في قطاع الهايتك، إتقان الإنجليزية مهارة مهمّة وضرورية، ولهذا حضّرنا هذا المساق القصير من أجلكم.
4 لقاءات مكثّفة، نرافق من خلالها مهندسين ومهندسات انضموا حديثًا للعمل في الهايتك، للتمرّن الإنجليزية المحكية والمصطلحات المتداولة في عالم الهايتك.
المساق مناسب لمهندسين/ات مع خبرة حتى سنة في العمل في الهايتك.
رابط التسجيل https://forms.office.com/r/Gu3wLajb6M
איך האנגלית שלכם?
כמהנדסות ומהנסדים בענף ההייטק, מאד חשוב שתהיו טובים באנגלית, ולכן, הכנו בשבילכם קורס קצר לשיפור האנגלית.
4 מפגשים של תרגול דיבור אנגלית ומושגים בסיסיים בעולם ההייטק.
הקורס מתאים למהנדסים חדשים עם ניסיון של עד שנה בעבודה.
לינק לרישום:
https://forms.office.com/r/Gu3wLajb6M",0,"03/21/2024 07:03",N/A,https://www.facebook.com/tsofentech/posts/pfbid02KSvshDQirxJc6Pnr6tsvYa9zxebE3RNRBmCYfkdtZ9mgLrAnzcLgzCRUgL7tX37xl,0,0,Photo,,,,,Lifetime,738,738,,2,2,0,0,7,1,4,2,,,,,,
